{
  "de": {
    "aboutUs": "Über uns",
    "contact": "Kontakt",
    "products": "Produkte",
    "team": "Team",
    "blog": "Blog",
    "news": "News",
    "jobs": "Jobs",
    "projects": "Projekte",
    "prices": "Preise",
    "events": "Events",
    "gallery": "Galerie",
    "partners": "Partner",
    "newsletter": "Newsletter",
    "faq": "FAQ",
    "contactForm": "Kontaktformular",
    "bookingSystem": "Online Buchungssystem",
    "downloads": "Downloads",
    "addressLabel": "Adresse",
    "phoneLabel": "Telefon",
    "hoursLabel": "Öffnungszeiten",
    "nameField": "Name",
    "emailField": "E-Mail",
    "messageField": "Nachricht",
    "sendButton": "Senden",
    "dateField": "Datum",
    "timeField": "Uhrzeit",
    "serviceField": "Service",
    "bookButton": "Buchen",
    "openInNewTab": "Vorschau in neuem Tab öffnen",
    "downloadHtml": "Download HTML",
    "copyHtml": "HTML kopieren",
    "addService": "Produkt hinzufügen",
    "addTeamMember": "Team-Mitglied hinzufügen",
    "addBlogPost": "Blogpost hinzufügen",
    "addNewsItem": "Nachricht hinzufügen",
    "addJobListing": "Stellenangebot hinzufügen",
    "addProject": "Projekt hinzufügen",
    "addPricingPlan": "Preisplan hinzufügen",
    "addEvent": "Event hinzufügen",
    "addGalleryImage": "Galeriebild hinzufügen",
    "addPartner": "Partner hinzufügen",
    "addFaq": "FAQ hinzufügen",
    "addDownload": "Download hinzufügen",
    "removeImage": "Bild entfernen",
    "removeEntry": "Eintrag entfernen",
    "removePhoto": "Foto entfernen",
    "removeLogo": "Remove Logo",
    "removeDownload": "Download entfernen",
    "addFeature": "Funktion hinzufügen",
    "layoutOptions": "Layout-Optionen",
    "baseSettings": "Basis",
    "nameFontSize": "Schriftgröße Name (px)",
    "tagline": "Tagline",
    "description": "Beschreibung",
    "descriptionFontSize": "Schriftgröße Beschreibung (px)",
    "globalFontColor": "Schriftfarbe (global)",
    "globalFontFamily": "Schriftart (global)",
    "systemDefault": "System Standard",
    "logo": "Logo",
    "width": "W",
    "height": "H",
    "remove": "Entfernen",
    "globalBackground": "Hintergrund (global)",
    "backgroundColor": "Hintergrundfarbe",
    "backgroundImage": "Hintergrundbild (optional, für Samsung-Layout)",
    "backgroundVideoUrl": "Hintergrundvideo URL (optional)",
    "backgroundSize": "Hintergrundgröße",
    "sectionBackgroundsAndTitles": "Hintergründe & Titelstile pro Sektion",
    "makeSectionsTransparent": "Sektionshintergründe transparent machen (global)",
    "background": "Hintergrund",
    "color": "Farbe",
    "image": "Bild",
    "titleStyle": "Titel-Stil",
    "fontFamily": "Schriftart",
    "globalStandard": "Global Standard",
    "sizePx": "Größe (px)",
    "visibilityOfSections": "Sichtbarkeit der Sektionen",
    "showSlideshow": "Bildergalerie (Produkte) anzeigen",
    "showServices": "Produkte/Leistungen anzeigen",
    "showTeam": "Team anzeigen",
    "showBlog": "Blog anzeigen",
    "showNews": "News anzeigen",
    "showMap": "Karte anzeigen",
    "actions": "Aktionen",
    "addSections": "Sektionen hinzufügen",
    "editProducts": "Produkte / Leistungen",
    "addEditEntriesHere": "Hinzufügen oben — bearbeite Einträge hier",
    "editTeam": "Team",
    "editBlogPosts": "Blogposts",
    "editNews": "Nachrichten",
    "editJobs": "Stellenangebot hinzufügen",
    "editProjects": "Projekte",
    "editPricingPlans": "Preispläne",
    "features": "Funktionen",
    "editEvents": "Events",
    "editGalleryImages": "Galeriebilder",
    "editPartners": "Partner",
    "editNewsletter": "Newsletter",
    "editNewsletterTextHere": "Bearbeite den Newsletter-Text hier",
    "editFaq": "FAQ",
    "editQuestionsAndAnswersHere": "Hinzufügen oben — bearbeite Fragen & Antworten hier",
    "editDownloads": "Downloads",
    "downloadTitle": "Titel des Downloads",
    "downloadUrl": "Download URL",
    "question": "Frage",
    "answer": "Antwort",
    "preview": "Vorschau",
    "createWebsite": "Website erstellen",
    "newProduct": "Neues Produkt",
    "descriptionPlaceholder": "Beschreibung",
    "newMember": "Neues Mitglied",
    "taskPlaceholder": "Aufgabe",
    "newBlogPost": "Neuer Blogpost",
    "blogPostContent": "Inhalt des Blogposts...",
    "readMore": "Weiterlesen",
    "importantNews": "Wichtige Neuigkeit",
    "newsContent": "Hier steht die neueste Nachricht.",
    "date": "Datum",
    "jobTitle": "Webentwickler gesucht",
    "location": "Ort",
    "jobDescription": "Wir suchen einen erfahrenen Webentwickler.",
    "viewDetails": "Details ansehen",
    "newProject": "Neues Projekt",
    "projectDescription": "Projektbeschreibung",
    "learnMore": "Mehr erfahren",
    "newPlan": "Neuer Plan",
    "pricePlaceholder": "€XX/Monat",
    "feature1": "Feature 1",
    "feature2": "Feature 2",
    "chooseNow": "Jetzt wählen",
    "newEvent": "Neues Event",
    "eventDescription": "Beschreibung des Events.",
    "partnerName": "Neuer Partner",
    "newsletterSignupText": "Melden Sie sich für unseren Newsletter an, um die neuesten Updates zu erhalten!",
    "yourEmailAddress": "Ihre E-Mail-Adresse",
    "signUp": "Anmelden",
    "faqQuestion": "Öffnungszeiten?",
    "faqAnswer": "Mo-Fr 10-20",
    "contactFormName": "Name",
    "contactFormEmail": "E-Mail",
    "contactFormMessage": "Nachricht",
    "contactFormSend": "Senden",
    "bookingSystemName": "Name",
    "bookingSystemEmail": "E-Mail",
    "bookingSystemDate": "Datum",
    "bookingSystemTime": "Uhrzeit",
    "recipientEmail": "Empfänger-E-Mail",
    "showContactForm": "Kontaktformular anzeigen",
    "showBookingSystem": "Online Buchungssystem anzeigen",
    "mapEmbedUrl": "Karten-Einbettungs-URL (iframe)",
    "whatsappButton": "WhatsApp Chat",
    "whatsappNumber": "WhatsApp Nummer",
    "socialMedia": "Social Media",
    "instagram": "Instagram",
    "tiktok": "TikTok",
    "facebook": "Facebook",
    "close": "Schließen",
    "defaultLayout": "Standard-Layout",
    "samsungLayout": "Samsung-ähnlich (Firmenname links, Tabs rechts, Hintergrundbild)",
    "nusretLayout": "Nusret-ähnlich (Firmenname mittig, Hamburger-Menü, Kontakt-Icon, Hintergrund-Diashow)",
    "appleLayout": "Apple-ähnlich (Full-Screen Hintergrund, zentrierter Inhalt)",
    "splitLayout": "Split-Screen (Zwei Spalten, wie nobelhartundschmutzig.com)",
    "cocacolaLayout": "Coca-Cola-ähnlich (Markenorientiert, volle Breite Sektionen)",
    "language": "Sprache",
    "templates": "Vorlagen",
    "enableTemplates": "Vorlagen aktivieren",
    "selectTemplate": "Vorlage auswählen",
    "noTemplate": "Keine Vorlage",
    "hairSalonTemplate": "Friseursalon",
    "restaurantTemplate": "Restaurant",
    "boutiqueTemplate": "Boutique",
    "smallShopTemplate": "Kleines Geschäft",
    "associationTemplate": "Verein",
    "logout": "Abmelden",
    "adminDashboard": "Admin Dashboard",
    "websiteEditor": "Website bearbeiten",
    "accountManagement": "Account Management",
    "htmlCopied": "HTML wurde in die Zwischenablage kopiert!",
    "popupBlocked": "Pop-ups sind blockiert. Bitte erlauben Sie Pop-ups für diese Seite, um die Vorschau in einem neuen Tab zu öffnen.",
    "accessDenied": "Zugriff verweigert. Sie haben keine Berechtigung, diese Seite anzuzeigen.",
    "toggleLanguageOptions": "Sprachoptionen anzeigen",
    "editSectionContent": "Inhalt der Sektion '%{section}' bearbeiten",
    "textBlock": "Textblock",
    "imageBlock": "Bildblock",
    "headingBlock": "Überschriftblock",
    "addBlock": "Block hinzufügen",
    "newHeading": "Neue Überschrift",
    "newTextBlockContent": "Dies ist ein neuer Textblock. Du kannst ihn hier bearbeiten.",
    "headingText": "Überschrift Text",
    "headingLevel": "Überschrift Level",
    "optionalHeading": "Optionale Überschrift (wird nur angezeigt, wenn Inhalt vorhanden ist)",
    "alignment": "Ausrichtung",
    "left": "Links",
    "center": "Zentriert",
    "right": "Rechts",
    "textContent": "Textinhalt",
    "fontSizePx": "Schriftgröße (px)",
    "imageFile": "Bilddatei",
    "widthPx": "Breite (px)",
    "heightPx": "Höhe (px)",
    "position": "Position",
    "inline": "Inline",
    "floatLeft": "Links floaten",
    "floatRight": "Rechts floaten",
    "freestyleTab": "Freestyle",
    "addFreestyleTab": "Freestyle Tab hinzufügen",
    "freestyleTabName": "Freestyle Tab Name",
    "editFreestyleSections": "Freestyle Sektionen bearbeiten",
    "documentBlock": "Dokumentblock",
    "downloadDocument": "Dokument herunterladen",
    "documentTitle": "Dokument Titel",
    "documentUrl": "Dokument URL",
    "fontColor": "Schriftfarbe",
    "selectFile": "Datei auswählen",
    "fileSelected": "Datei ausgewählt",
    "removeDocument": "Dokument entfernen",
    "layoutContainerBlock": "Layout Container Block",
    "layoutContainerSettings": "Layout Container Einstellungen",
    "layoutDirection": "Layout Richtung",
    "horizontal": "Horizontal",
    "vertical": "Vertikal",
    "gapPx": "Abstand (px)",
    "justifyContent": "Horizontale Ausrichtung",
    "start": "Start",
    "end": "Ende",
    "spaceBetween": "Zwischenraum",
    "spaceAround": "Umraum",
    "alignItems": "Vertikale Ausrichtung",
    "stretch": "Strecken",
    "addBlockToContainer": "Block zum Container hinzufügen",
    "transparentNavbar": "Navigationsleiste transparent machen",
    "ourOffers": "Unsere Angebote",
    "navbarStyling": "Navigationsleisten-Stil",
    "navbarFontColor": "Navigations-Schriftfarbe",
    "navbarFontFamily": "Navigations-Schriftart",
    "navbarBorderColor": "Navigations-Umrandungsfarbe",
    "navbarBorderWidthPx": "Navigations-Umrandungsbreite (px)",
    "navbarBorderStyle": "Navigations-Umrandungsstil",
    "none": "Keine",
    "solid": "Durchgezogen",
    "dashed": "Gestrichelt",
    "dotted": "Gepunktet",
    "double": "Doppelt",
    "customTabNames": "Benutzerdefinierte Tab-Namen",
    "customTabNamesDescription": "Hier kannst du die Namen der Navigations-Tabs überschreiben. Lasse ein Feld leer, um den Standardnamen zu verwenden.",
    "calendar": "Kalender",
    "calendarEmbedUrl": "Kalender-Einbettungs-URL (iframe)",
    "calendarEmbedPlaceholder": "<iframe src='...' style='border:0;' width='800' height='600' frameborder='0' scrolling='no'></iframe>",
    "calendarEmbedNote": "Fügen Sie hier den vollständigen iframe-Einbettungscode von Google Calendar oder einem ähnlichen Dienst ein.",
    "noCalendarContent": "Kein Kalenderinhalt verfügbar. Bitte fügen Sie eine Einbettungs-URL hinzu.",
    "menu": "Speisekarte",
    "menuImage": "Speisekarte als Bild",
    "menuDocument": "Speisekarte als Dokument (PDF, etc.)",
    "menuDocumentName": "Name des Speisekarten-Dokuments",
    "downloadMenu": "Speisekarte herunterladen",
    "menuPreview": "Speisekarte Vorschau",
    "menuNote": "Sie können entweder ein Bild ODER ein Dokument für die Speisekarte hochladen.",
    "noMenuContent": "Kein Speisekarteninhalt verfügbar. Bitte laden Sie ein Bild oder Dokument hoch.",
    "history": "Geschichte",
    "historyContent": "Inhalt der Geschichte",
    "historyContentPlaceholder": "Erzählen Sie hier die Geschichte Ihres Unternehmens, seine Gründung, Meilensteine und Visionen.",
    "imprint": "Impressum",
    "imprintContent": "Inhalt des Impressums",
    "imprintContentPlaceholder": "Fügen Sie hier Ihre Impressumsdaten gemäß den gesetzlichen Bestimmungen ein (Name, Adresse, Kontakt, Handelsregister, etc.).",
    "privacy": "Datenschutz",
    "privacyContent": "Inhalt der Datenschutzerklärung",
    "privacyContentPlaceholder": "Fügen Sie hier Ihre Datenschutzerklärung ein, die erläutert, wie Sie mit Nutzerdaten umgehen.",
    "reviews": "Rezensionen",
    "reviewsContent": "Inhalt der Rezensionen",
    "reviewsContentPlaceholder": "Fügen Sie hier positive Kundenrezensionen oder Testimonials ein, um Vertrauen aufzubauen.",
    "projectManagement": "Projektverwaltung",
    "editProject": "Projekt bearbeiten",
    "deleteProject": "Projekt löschen",
    "save": "Speichern",
    "cancel": "Abbrechen",
    "openWebsiteEditor": "Website Editor öffnen",
    "projectName": "Projektname",
    "projectNamePlaceholder": "Geben Sie den Projektnamen ein",
    "projectDescriptionPlaceholder": "Geben Sie eine Beschreibung für das Projekt ein",
    "createdAt": "Erstellt am",
    "lastModified": "Zuletzt geändert",
    "confirmDeleteProject": "Sind Sie sicher, dass Sie dieses Projekt löschen möchten? Dies kann nicht rückgängig gemacht werden.",
    "projectDeletedSuccessfully": "Projekt erfolgreich gelöscht!",
    "projectCreatedSuccessfully": "Projekt erfolgreich erstellt!",
    "projectUpdatedSuccessfully": "Projekt erfolgreich aktualisiert!",
    "projectNotFound": "Projekt nicht gefunden.",
    "noProjectsFound": "Keine Projekte gefunden. Erstellen Sie ein neues Projekt, um zu beginnen!",
    "createNewProject": "Neues Projekt erstellen",
    "saveProjectFirst": "Bitte speichern Sie das Projekt zuerst.",
    "saveWebsiteToProject": "Website im Projekt speichern",
    "websiteSavedToProject": "Website-Konfiguration im Projekt gespeichert!",
    "noActiveProject": "Kein aktives Projekt ausgewählt. Bitte wählen Sie ein Projekt aus der Projektverwaltung.",
    "generateQrCode": "QR-Code generieren",
    "qrCodeForWebsite": "QR-Code für Ihre Website",
    "scanQrCode": "Scannen Sie diesen QR-Code, um Ihre Website anzuzeigen (nach der Bereitstellung).",
    "qrCodeNote": "Dieser QR-Code verweist auf eine Platzhalter-URL. Ersetzen Sie 'https://your-website.com' durch die tatsächliche URL Ihrer bereitgestellten Website.",
    "qrCodeNoteDomain": "Dieser QR-Code verweist auf Ihre Domain: %{domain}. Stellen Sie sicher, dass Ihre Website dort bereitgestellt ist.",
    "domain": "Domain",
    "projectImport": "Projekt importieren",
    "dragAndDropProjectFile": "Projekt-Datei hier einfügen",
    "orClick to Upload": "oder klicken, um hochzuladen",
    "projectImportedSuccessfully": "Projekt erfolgreich importiert!",
    "invalidProjectFileFormat": "Ungültiges Projektdateiformat. Bitte stellen Sie sicher, dass es eine gültige Website-Konfiguration ist.",
    "errorImportingProject": "Fehler beim Importieren der Projektdatei",
    "noConfigFoundInHtml": "Keine Website-Konfiguration in der HTML-Datei gefunden.",
    "copyConfigJson": "Konfiguration kopieren",
    "downloadConfigJson": "Konfiguration herunterladen",
    "configCopied": "Konfiguration in die Zwischenablage kopiert!",
    "fontWeight": "Schriftdicke",
    "normal": "Normal",
    "medium": "Mittel",
    "semibold": "Halbfett",
    "bold": "Fett",
    "extrabold": "Extrafett",
    "productsSection": "Produkte Sektion",
    "editContactContent": "Kontaktinhalte bearbeiten",
    "downloadZip": "ZIP herunterladen",
    "downloadZipSuccessful": "ZIP-Datei erfolgreich erstellt!"
  },
  "en": {
    "aboutUs": "About Us",
    "contact": "Contact",
    "products": "Products",
    "team": "Team",
    "blog": "Blog",
    "news": "News",
    "jobs": "Jobs",
    "projects": "Projects",
    "prices": "Prices",
    "events": "Events",
    "gallery": "Gallery",
    "partners": "Partners",
    "newsletter": "Newsletter",
    "faq": "FAQ",
    "downloads": "Downloads",
    "showMap": "Show Map",
    "actions": "Actions",
    "addSections": "Add Sections",
    "editProducts": "Products / Services",
    "addEditEntriesHere": "Add above — edit entries here",
    "editTeam": "Team",
    "editBlogPosts": "Blog Posts",
    "editNews": "News",
    "editJobs": "Job Listings",
    "editProjects": "Projects",
    "editPricingPlans": "Pricing Plans",
    "features": "Features",
    "editEvents": "Events",
    "editGalleryImages": "Gallery Images",
    "editPartners": "Partners",
    "editNewsletter": "Newsletter",
    "editNewsletterTextHere": "Edit newsletter text here",
    "editFaq": "FAQ",
    "editQuestionsAndAnswersHere": "Add above — edit questions & answers here",
    "editDownloads": "Downloads",
    "downloadTitle": "Download Title",
    "downloadUrl": "Download URL",
    "question": "Question",
    "answer": "Answer",
    "preview": "Preview",
    "createWebsite": "Create Website",
    "newProduct": "New Product",
    "descriptionPlaceholder": "Description",
    "newMember": "New Member",
    "taskPlaceholder": "Task",
    "newBlogPost": "New Blog Post",
    "blogPostContent": "Content of the blog post...",
    "readMore": "Read More",
    "importantNews": "Important News",
    "newsContent": "Here is the latest news.",
    "date": "Date",
    "jobTitle": "Web Developer Wanted",
    "location": "Location",
    "jobDescription": "We are looking for an experienced web developer.",
    "viewDetails": "View Details",
    "newProject": "New Project",
    "projectDescription": "Project Description",
    "learnMore": "Learn More",
    "newPlan": "New Plan",
    "pricePlaceholder": "€XX/Month",
    "feature1": "Feature 1",
    "feature2": "Feature 2",
    "chooseNow": "Choose Now",
    "newEvent": "New Event",
    "eventDescription": "Description of the event.",
    "partnerName": "New Partner",
    "newsletterSignupText": "Sign up for our newsletter to get the latest updates!",
    "yourEmailAddress": "Your Email Address",
    "signUp": "Sign Up",
    "faqQuestion": "Opening hours?",
    "faqAnswer": "Mon-Fri 10-20",
    "contactFormName": "Name",
    "contactFormEmail": "Email",
    "contactFormMessage": "Message",
    "contactFormSend": "Send",
    "bookingSystemName": "Name",
    "bookingSystemEmail": "Email",
    "bookingSystemDate": "Date",
    "bookingSystemTime": "Time",
    "serviceField": "Service",
    "bookButton": "Book Now",
    "recipientEmail": "Recipient Email",
    "showContactForm": "Show Contact Form",
    "showBookingSystem": "Show Online Booking System",
    "mapEmbedUrl": "Map Embed URL (iframe)",
    "whatsappButton": "WhatsApp Chat",
    "whatsappNumber": "WhatsApp Number",
    "socialMedia": "Social Media",
    "instagram": "Instagram",
    "tiktok": "TikTok",
    "facebook": "Facebook",
    "close": "Close",
    "defaultLayout": "Standard Layout",
    "samsungLayout": "Samsung-like (Company name left, tabs right, background image)",
    "nusretLayout": "Nusret-like (Company name center, hamburger menu, contact icon, background slideshow)",
    "appleLayout": "Apple-like (Full-screen background, centered content)",
    "splitLayout": "Split-Screen (Two columns, like nobelhartundschmutzig.com)",
    "cocacolaLayout": "Coca-Cola-like (Brand-oriented, full-width sections)",
    "language": "Language",
    "templates": "Templates",
    "enableTemplates": "Enable Templates",
    "selectTemplate": "Select Template",
    "noTemplate": "No Template",
    "hairSalonTemplate": "Hair Salon",
    "restaurantTemplate": "Restaurant",
    "boutiqueTemplate": "Boutique",
    "smallShopTemplate": "Small Shop",
    "associationTemplate": "Association",
    "logout": "Logout",
    "adminDashboard": "Admin Dashboard",
    "websiteEditor": "Website Editor",
    "accountManagement": "Account Management",
    "htmlCopied": "HTML copied to clipboard!",
    "popupBlocked": "Pop-ups are blocked. Please allow pop-ups for this page to open the preview in a new tab.",
    "accessDenied": "Access denied. You do not have permission to view this page.",
    "toggleLanguageOptions": "Show Language Options",
    "editSectionContent": "Edit content for '%{section}' section",
    "textBlock": "Text Block",
    "imageBlock": "Image Block",
    "headingBlock": "Heading Block",
    "addBlock": "Add Block",
    "newHeading": "New Heading",
    "newTextBlockContent": "This is a new text block. You can edit it here.",
    "headingText": "Heading Text",
    "headingLevel": "Heading Level",
    "optionalHeading": "Optional Heading (only displays if content exists)",
    "alignment": "Alignment",
    "left": "Left",
    "center": "Center",
    "right": "Right",
    "textContent": "Text Content",
    "fontSizePx": "Font Size (px)",
    "imageFile": "Image File",
    "widthPx": "Width (px)",
    "heightPx": "Height (px)",
    "position": "In line",
    "floatLeft": "Float Left",
    "floatRight": "Float Right",
    "freestyleTab": "Freestyle",
    "addFreestyleTab": "Add Freestyle Tab",
    "freestyleTabName": "Freestyle Tab Name",
    "editFreestyleSections": "Edit Freestyle Sections",
    "documentBlock": "Document Block",
    "downloadDocument": "Download Document",
    "documentTitle": "Document Title",
    "documentUrl": "Document URL",
    "fontColor": "Font Color",
    "selectFile": "Select File",
    "fileSelected": "File selected",
    "removeDocument": "Remove Document",
    "layoutContainerBlock": "Layout Container Block",
    "layoutContainerSettings": "Layout Container Settings",
    "layoutDirection": "Layout Direction",
    "horizontal": "Horizontal",
    "vertical": "Vertical",
    "gapPx": "Gap (px)",
    "justifyContent": "Justify Content",
    "start": "Start",
    "end": "End",
    "spaceBetween": "Space Between",
    "spaceAround": "Space Around",
    "alignItems": "Align Items",
    "stretch": "Stretch",
    "addBlockToContainer": "Add Block to Container",
    "transparentNavbar": "Make Navbar Transparent",
    "ourOffers": "Our Offers",
    "navbarStyling": "Navbar Styling",
    "navbarFontColor": "Navbar Font Color",
    "navbarFontFamily": "Navbar Font Family",
    "navbarBorderColor": "Navbar Border Color",
    "navbarBorderWidthPx": "Navbar Border Width (px)",
    "navbarBorderStyle": "Navbar Border Style",
    "none": "None",
    "solid": "Solid",
    "dashed": "Dashed",
    "dotted": "Dotted",
    "double": "Double",
    "customTabNames": "Custom Tab Names",
    "customTabNamesDescription": "Override default tab names here. Leave blank to use the default translated name.",
    "calendar": "Calendar",
    "calendarEmbedUrl": "Calendar Embed URL (iframe)",
    "calendarEmbedPlaceholder": "<iframe src='...' style='border:0;' width='800' height='600' frameborder='0' scrolling='no'></iframe>",
    "calendarEmbedNote": "Insert the full iframe embed code from Google Calendar or a similar service here.",
    "noCalendarContent": "No calendar content available. Please add an embed URL.",
    "menu": "Menu",
    "menuImage": "Menu as Image",
    "menuDocument": "Menu as Document (PDF, etc.)",
    "menuDocumentName": "Menu Document Name",
    "downloadMenu": "Download Menu",
    "menuPreview": "Menu Preview",
    "menuNote": "You can upload either an image OR a document for the menu.",
    "noMenuContent": "No menu content available. Please upload an image or a document.",
    "history": "History",
    "historyContent": "History Content",
    "historyContentPlaceholder": "Tell the story of your business here, its founding, milestones, and vision.",
    "imprint": "Imprint",
    "imprintContent": "Imprint Content",
    "imprintContentPlaceholder": "Insert your imprint data here according to legal requirements (name, address, contact, commercial register, etc.).",
    "privacy": "Privacy Policy",
    "privacyContent": "Privacy Policy Content",
    "privacyContentPlaceholder": "Insert your privacy policy here, explaining how you handle user data.",
    "reviews": "Reviews",
    "reviewsContent": "Reviews Content",
    "reviewsContentPlaceholder": "Insert positive customer reviews or testimonials here to build trust.",
    "projectManagement": "Project Management",
    "editProject": "Edit Project",
    "deleteProject": "Delete Project",
    "save": "Save",
    "cancel": "Cancel",
    "openWebsiteEditor": "Open Website Editor",
    "projectName": "Project Name",
    "projectNamePlaceholder": "Enter project name",
    "projectDescriptionPlaceholder": "Enter a description for the project",
    "createdAt": "Created At",
    "lastModified": "Last Modified",
    "confirmDeleteProject": "Are you sure you want to delete this project? This cannot be undone.",
    "projectDeletedSuccessfully": "Project deleted successfully!",
    "projectCreatedSuccessfully": "Project created successfully!",
    "projectUpdatedSuccessfully": "Project updated successfully!",
    "projectNotFound": "Project not found.",
    "noProjectsFound": "No projects found. Create a new project to get started!",
    "createNewProject": "Create New Project",
    "saveProjectFirst": "Please save the project first.",
    "saveWebsiteToProject": "Save Website to Project",
    "websiteSavedToProject": "Website configuration saved to project!",
    "noActiveProject": "No active project selected. Please select a project from Project Management.",
    "generateQrCode": "Generate QR Code",
    "qrCodeForWebsite": "QR Code for your Website",
    "scanQrCode": "Scan this QR code to view your website (once deployed).",
    "qrCodeNote": "This QR code points to a placeholder URL. Replace 'https://your-website.com' with the actual URL of your deployed website.",
    "qrCodeNoteDomain": "This QR code points to your domain: %{domain}. Ensure your website is deployed there.",
    "domain": "Domain",
    "projectImport": "Import Project",
    "dragAndDropProjectFile": "Drag and drop project file here",
    "orClick to Upload": "or click to upload",
    "projectImportedSuccessfully": "Project imported successfully!",
    "invalidProjectFileFormat": "Invalid project file format. Please ensure it's a valid website configuration.",
    "errorImportingProject": "Error importing project file",
    "noConfigFoundInHtml": "No website configuration found in the HTML file.",
    "copyConfigJson": "Copy Configuration",
    "downloadConfigJson": "Download Configuration",
    "configCopied": "Configuration copied to clipboard!",
    "fontWeight": "Font Weight",
    "normal": "Normal",
    "medium": "Medium",
    "semibold": "Semi-bold",
    "bold": "Bold",
    "extrabold": "Extra-bold",
    "productsSection": "Products Section",
    "editContactContent": "Edit Contact Content",
    "downloadZip": "Download ZIP",
    "downloadZipSuccessful": "ZIP file created successfully!"
  },
  "es": {
    "aboutUs": "Sobre Nosotros",
    "contact": "Contacto",
    "products": "Productos",
    "team": "Equipo",
    "blog": "Blog",
    "news": "Noticias",
    "jobs": "Empleos",
    "projects": "Proyectos",
    "prices": "Precios",
    "events": "Eventos",
    "gallery": "Galería",
    "partners": "Socios",
    "newsletter": "Boletín",
    "faq": "Preguntas Frecuentes",
    "downloads": "Descargas",
    "showMap": "Mostrar Mapa",
    "actions": "Acciones",
    "addSections": "Añadir Secciones",
    "editProducts": "Productos / Servicios",
    "addEditEntriesHere": "Añadir arriba — editar entradas aquí",
    "editTeam": "Equipo",
    "editBlogPosts": "Publicaciones de Blog",
    "editNews": "Noticias",
    "editJobs": "Ofertas de Empleo",
    "editProjects": "Proyectos",
    "editPricingPlans": "Planes de Precios",
    "features": "Características",
    "editEvents": "Eventos",
    "editGalleryImages": "Imágenes de la Galería",
    "editPartners": "Socios",
    "editNewsletter": "Boletín",
    "editNewsletterTextHere": "Editar texto del boletín aquí",
    "editFaq": "Preguntas Frecuentes",
    "editQuestionsAndAnswersHere": "Añadir arriba — editar preguntas y respuestas aquí",
    "editDownloads": "Descargas",
    "downloadTitle": "Título de la Descarga",
    "downloadUrl": "URL de Descarga",
    "question": "Pregunta",
    "answer": "Respuesta",
    "preview": "Vista Previa",
    "createWebsite": "Crear Sitio Web",
    "newProduct": "Nuevo Producto",
    "descriptionPlaceholder": "Descripción",
    "newMember": "Nuevo Miembro",
    "taskPlaceholder": "Tarea",
    "newBlogPost": "Nueva Publicación de Blog",
    "blogPostContent": "Contenido de la publicación del blog...",
    "readMore": "Leer Más",
    "importantNews": "Noticia Importante",
    "newsContent": "Aquí están las últimas noticias.",
    "date": "Fecha",
    "jobTitle": "Se busca Desarrollador Web",
    "location": "Ubicación",
    "jobDescription": "Buscamos un desarrollador web experimentado.",
    "viewDetails": "Ver Detalles",
    "newProject": "Nuevo Proyecto",
    "projectDescription": "Descripción del Proyecto",
    "learnMore": "Saber Más",
    "newPlan": "Nuevo Plan",
    "pricePlaceholder": "€XX/Mes",
    "feature1": "Característica 1",
    "feature2": "Característica 2",
    "chooseNow": "Elegir Ahora",
    "newEvent": "Nuevo Evento",
    "eventDescription": "Descripción del evento.",
    "partnerName": "Nuevo Socio",
    "newsletterSignupText": "¡Suscríbase a nuestro boletín para recibir las últimas actualizaciones!",
    "yourEmailAddress": "Su dirección de correo electrónico",
    "signUp": "Suscribirse",
    "faqQuestion": "¿Horario de apertura?",
    "faqAnswer": "Lun-Vie 10-20",
    "contactFormName": "Nombre",
    "contactFormEmail": "Correo Electrónico",
    "contactFormMessage": "Mensaje",
    "contactFormSend": "Enviar",
    "bookingSystemName": "Nombre",
    "bookingSystemEmail": "Correo Electrónico",
    "bookingSystemDate": "Fecha",
    "bookingSystemTime": "Hora",
    "serviceField": "Servicio",
    "bookButton": "Reservar Ahora",
    "recipientEmail": "Correo Electrónico del Destinatario",
    "showContactForm": "Mostrar Formulario de Contacto",
    "showBookingSystem": "Mostrar Sistema de Reserva Online",
    "mapEmbedUrl": "URL de Inserción de Mapa (iframe)",
    "whatsappButton": "Chat de WhatsApp",
    "whatsappNumber": "Número de WhatsApp",
    "socialMedia": "Redes Sociales",
    "instagram": "Instagram",
    "tiktok": "TikTok",
    "facebook": "Facebook",
    "close": "Close",
    "defaultLayout": "Diseño Estándar",
    "samsungLayout": "Estilo Samsung (Nombre de la empresa a la izquierda, pestañas a la derecha, imagen de fondo)",
    "nusretLayout": "Estilo Nusret (Nombre de la empresa centrado, menú de hamburguesa, icono de contacto, presentación de diapositivas de fondo)",
    "appleLayout": "Estilo Apple (Fondo de pantalla completa, contenido centrado)",
    "splitLayout": "Pantalla Dividida (Dos columnas, como nobelhartundschmutzig.com)",
    "cocacolaLayout": "Estilo Coca-Cola (Orientado a la marca, secciones de ancho completo)",
    "language": "Idioma",
    "templates": "Plantillas",
    "enableTemplates": "Habilitar Plantillas",
    "selectTemplate": "Seleccionar Plantilla",
    "noTemplate": "Ninguna Plantilla",
    "hairSalonTemplate": "Peluquería",
    "restaurantTemplate": "Ristorante",
    "boutiqueTemplate": "Boutique",
    "smallShopTemplate": "Piccola Tienda",
    "associationTemplate": "Asociación",
    "logout": "Cerrar Sesión",
    "adminDashboard": "Panel de Administración",
    "websiteEditor": "Editor de Sitio Web",
    "accountManagement": "Gestión de Cuentas",
    "htmlCopied": "¡HTML copiado al portapapeles!",
    "popupBlocked": "Las ventanas emergentes están bloqueadas. Por favor, permite las ventanas emergentes para esta página para abrir la vista previa en una nueva pestaña.",
    "accessDenied": "Acceso denegado. No tienes permiso para ver esta página.",
    "toggleLanguageOptions": "Mostrar opciones de idioma",
    "editSectionContent": "Editar contenido para la sección '%{section}'",
    "textBlock": "Bloque de Texto",
    "imageBlock": "Bloque de Imagen",
    "headingBlock": "Bloque de Encabezado",
    "addBlock": "Añadir Bloque",
    "newHeading": "Nuevo Encabezado",
    "newTextBlockContent": "Este es un nuevo bloque de texto. Puedes editarlo aquí.",
    "headingText": "Texto del Encabezado",
    "headingLevel": "Nivel del Encabezado",
    "optionalHeading": "Encabezado Opcional (solo se muestra si hay contenido)",
    "alignment": "Alineación",
    "left": "Izquierda",
    "center": "Centrado",
    "right": "Derecha",
    "textContent": "Contenido del Texto",
    "fontSizePx": "Tamaño de Fuente (px)",
    "imageFile": "Archivo de Imagen",
    "widthPx": "Ancho (px)",
    "heightPx": "Altura (px)",
    "position": "En línea",
    "floatLeft": "Flotar a la Izquierda",
    "floatRight": "Flotar a la Derecha",
    "freestyleTab": "Freestyle",
    "addFreestyleTab": "Añadir Pestaña Freestyle",
    "freestyleTabName": "Nombre de la Pestaña Freestyle",
    "editFreestyleSections": "Editar Secciones Freestyle",
    "documentBlock": "Bloque de Documento",
    "downloadDocument": "Descargar Documento",
    "documentTitle": "Título del Documento",
    "documentUrl": "URL del Documento",
    "fontColor": "Color de Fuente",
    "selectFile": "Seleccionar Archivo",
    "fileSelected": "Archivo seleccionado",
    "removeDocument": "Eliminar Documento",
    "layoutContainerBlock": "Layout Container Block",
    "layoutContainerSettings": "Layout Container Settings",
    "layoutDirection": "Layout Direction",
    "horizontal": "Horizontal",
    "vertical": "Vertical",
    "gapPx": "Gap (px)",
    "justifyContent": "Justify Content",
    "start": "Start",
    "end": "End",
    "spaceBetween": "Space Between",
    "spaceAround": "Space Around",
    "alignItems": "Align Items",
    "stretch": "Stretch",
    "addBlockToContainer": "Add Block to Container",
    "transparentNavbar": "Hacer la barra de navegación transparente",
    "ourOffers": "Nuestras Ofertas",
    "navbarStyling": "Estilo de la Barra de Navegación",
    "navbarFontColor": "Color de Fuente de la Barra de Navegación",
    "navbarFontFamily": "Familia de Fuente de la Barra de Navegación",
    "navbarBorderColor": "Color del Borde de la Barra de Navegación",
    "navbarBorderWidthPx": "Ancho del Borde de la Barra de Navegación (px)",
    "navbarBorderStyle": "Estilo del Borde de la Barra de Navegación",
    "none": "Ninguno",
    "solid": "Sólido",
    "dashed": "Discontinuo",
    "dotted": "Punteado",
    "double": "Doble",
    "customTabNames": "Nombres de Pestañas Personalizados",
    "customTabNamesDescription": "Aquí puedes anular los nombres predeterminados de las pestañas. Deja en blanco para usar el nombre traducido predeterminado.",
    "calendar": "Calendario",
    "calendarEmbedUrl": "URL de Inserción de Calendario (iframe)",
    "calendarEmbedPlaceholder": "<iframe src='...' style='border:0;' width='800' height='600' frameborder='0' scrolling='no'></iframe>",
    "calendarEmbedNote": "Inserte aquí el código de inserción completo del iframe de Google Calendar o un servicio similar.",
    "noCalendarContent": "No hay contenido de calendario disponible. Por favor, añada una URL de inserción.",
    "menu": "Menú",
    "menuImage": "Menú como Imagen",
    "menuDocument": "Menú como Documento (PDF, etc.)",
    "menuDocumentName": "Nombre del Documento del Menú",
    "downloadMenu": "Descargar Menú",
    "menuPreview": "Vista Previa del Menú",
    "menuNote": "Puede subir una imagen O un documento para el menú.",
    "noMenuContent": "No hay contenido de menú disponible. Por favor, suba una imagen o un documento.",
    "history": "Historia",
    "historyContent": "Contenido de la Historia",
    "historyContentPlaceholder": "Cuente aquí la historia de su negocio, su fundación, hitos y visión.",
    "imprint": "Aviso Legal",
    "imprintContent": "Contenido del Aviso Legal",
    "imprintContentPlaceholder": "Inserte aquí sus datos de aviso legal según los requisitos legales (nombre, dirección, contacto, registro mercantil, etc.).",
    "privacy": "Política de Privacidad",
    "privacyContent": "Contenido de la Política de Privacidad",
    "privacyContentPlaceholder": "Inserte aquí su política de privacidad, explicando cómo maneja los datos del usuario.",
    "reviews": "Reseñas",
    "reviewsContent": "Contenido de las Reseñas",
    "reviewsContentPlaceholder": "Inserte aquí reseñas o testimonios positivos de clientes para generar confianza.",
    "projectManagement": "Gestión de Proyectos",
    "editProject": "Editar Proyecto",
    "deleteProject": "Eliminar Proyecto",
    "save": "Guardar",
    "cancel": "Cancelar",
    "openWebsiteEditor": "Abrir Editor de Sitio Web",
    "projectName": "Nombre del Proyecto",
    "projectNamePlaceholder": "Introduzca el nombre del proyecto",
    "projectDescriptionPlaceholder": "Introduzca una descripción para el proyecto",
    "createdAt": "Creado el",
    "lastModified": "Última modificación",
    "confirmDeleteProject": "¿Está seguro de que desea eliminar este proyecto? Esto no se puede deshacer.",
    "projectDeletedSuccessfully": "¡Proyecto eliminado con éxito!",
    "projectCreatedSuccessfully": "¡Proyecto creado con éxito!",
    "projectUpdatedSuccessfully": "¡Proyecto actualizado con éxito!",
    "projectNotFound": "Proyecto no encontrado.",
    "noProjectsFound": "No se encontraron proyectos. ¡Cree un nuevo proyecto para empezar!",
    "createNewProject": "Crear Nuevo Proyecto",
    "saveProjectFirst": "Por favor, guarde el proyecto primero.",
    "saveWebsiteToProject": "Guardar Sitio Web en el Proyecto",
    "websiteSavedToProject": "¡Configuración del sitio web guardada en el proyecto!",
    "noActiveProject": "No hay ningún proyecto activo seleccionado. Por favor, seleccione un proyecto de Gestión de Proyectos.",
    "generateQrCode": "Generate QR Code",
    "qrCodeForWebsite": "QR Code for your Website",
    "scanQrCode": "Scan this QR code to view your website (once deployed).",
    "qrCodeNote": "This QR code points to a placeholder URL. Replace 'https://your-website.com' with the actual URL of your deployed website.",
    "qrCodeNoteDomain": "This QR code points to your domain: %{domain}. Ensure your website is deployed there.",
    "domain": "Domain",
    "projectImport": "Importar Proyecto",
    "dragAndDropProjectFile": "Arrastre y suelte el archivo del proyecto aquí",
    "orClick to Upload": "o haga clic para cargar",
    "projectImportedSuccessfully": "¡Proyecto importado con éxito!",
    "invalidProjectFileFormat": "Formato de archivo de proyecto no válido. Asegúrese de que sea una configuración de sitio web válida.",
    "errorImportingProject": "Error al importar el archivo del proyecto",
    "noConfigFoundInHtml": "No se encontró la configuración del sitio web en el archivo HTML.",
    "copyConfigJson": "Copiar Configuración",
    "downloadConfigJson": "Descargar Configuración",
    "configCopied": "Configuración copiada al portapapeles!",
    "fontWeight": "Peso de la fuente",
    "normal": "Normal",
    "medium": "Medio",
    "semibold": "Semi-negrita",
    "bold": "Negrita",
    "extrabold": "Extra-negrita",
    "productsSection": "Sección de Productos",
    "editContactContent": "Editar Contenido de Contacto",
    "downloadZip": "Download ZIP",
    "downloadZipSuccessful": "ZIP file created successfully!"
  },
  "it": {
    "aboutUs": "Chi Siamo",
    "contact": "Contatti",
    "products": "Prodotti",
    "team": "Team",
    "blog": "Blog",
    "news": "Notizie",
    "jobs": "Lavori",
    "projects": "Progetti",
    "prices": "Prezzi",
    "events": "Eventi",
    "gallery": "Galleria",
    "partners": "Partner",
    "newsletter": "Newsletter",
    "faq": "FAQ",
    "downloads": "Download",
    "showMap": "Mostra Mappa",
    "actions": "Azioni",
    "addSections": "Aggiungi Sezioni",
    "editProducts": "Prodotti / Servizi",
    "addEditEntriesHere": "Aggiungi sopra — modifica le voci qui",
    "editTeam": "Team",
    "editBlogPosts": "Articoli del Blog",
    "editNews": "Notizie",
    "editJobs": "Offerte di Lavoro",
    "editProjects": "Progetti",
    "editPricingPlans": "Piani Prezzi",
    "features": "Funzioni",
    "editEvents": "Eventi",
    "editGalleryImages": "Immagini della Galleria",
    "editPartners": "Partner",
    "editNewsletter": "Newsletter",
    "editNewsletterTextHere": "Modifica il testo della newsletter qui",
    "editFaq": "FAQ",
    "editQuestionsAndAnswersHere": "Aggiungi sopra — modifica domande e risposte qui",
    "editDownloads": "Download",
    "downloadTitle": "Titolo del Download",
    "downloadUrl": "URL Download",
    "question": "Domanda",
    "answer": "Risposta",
    "preview": "Anteprima",
    "createWebsite": "Crea Sito Web",
    "newProduct": "Nuovo Prodotto",
    "descriptionPlaceholder": "Beschreibung",
    "newMember": "Nuovo Membro",
    "taskPlaceholder": "Compito",
    "newBlogPost": "Nuovo Articolo del Blog",
    "blogPostContent": "Contenuto dell'articolo del blog...",
    "readMore": "Leggi Tutto",
    "importantNews": "Notizia Importante",
    "newsContent": "Ecco le ultime notizie.",
    "date": "Data",
    "jobTitle": "Cercasi Sviluppatore Web",
    "location": "Località",
    "jobDescription": "Cerchiamo uno sviluppatore web esperto.",
    "viewDetails": "Vedi Dettagli",
    "newProject": "Nuovo Progetto",
    "projectDescription": "Descrizione Progetto",
    "learnMore": "Scopri di Più",
    "newPlan": "Nuovo Piano",
    "pricePlaceholder": "€XX/Mese",
    "feature1": "Funzione 1",
    "feature2": "Funzione 2",
    "chooseNow": "Iscriviti",
    "newEvent": "Nuovo Evento",
    "eventDescription": "Beschreibung des Events.",
    "partnerName": "Nuovo Partner",
    "newsletterSignupText": "Iscriviti alla nostra newsletter per ricevere gli ultimi aggiornamenti!",
    "yourEmailAddress": "Il tuo indirizzo email",
    "signUp": "Iscriviti",
    "faqQuestion": "Orari de apertura?",
    "faqAnswer": "Lun-Ven 10-20",
    "contactFormName": "Nome",
    "contactFormEmail": "Email",
    "contactFormMessage": "Messaggio",
    "contactFormSend": "Invia",
    "bookingSystemName": "Nome",
    "bookingSystemEmail": "Email",
    "bookingSystemDate": "Data",
    "bookingSystemTime": "Ora",
    "serviceField": "Servizio",
    "bookButton": "Prenota Ora",
    "recipientEmail": "Email del Destinatario",
    "showContactForm": "Mostra Modulo di Contatto",
    "showBookingSystem": "Mostra Sistema di Prenotazione Online",
    "mapEmbedUrl": "URL di Incorporamento Mappa (iframe)",
    "whatsappButton": "Chat WhatsApp",
    "whatsappNumber": "Numero WhatsApp",
    "socialMedia": "Redes Sociales",
    "instagram": "Instagram",
    "tiktok": "TikTok",
    "facebook": "Facebook",
    "close": "Chiudi",
    "defaultLayout": "Layout Standard",
    "samsungLayout": "Simile a Samsung (Nome azienda a sinistra, schede a destra, immagine di sfondo)",
    "nusretLayout": "Simile a Nusret (Nome azienda al centro, menu hamburger, icona di contatto, slideshow di sfondo)",
    "appleLayout": "Simile ad Apple (Sfondo a schermo intero, contenuto centrato)",
    "splitLayout": "Schermo Dividido (Due colonne, como nobelhartundschmutzig.com)",
    "cocacolaLayout": "Simile a Coca-Cola (Orientato al marchio, sezioni a larghezza intera)",
    "language": "Lingua",
    "templates": "Modelli",
    "enableTemplates": "Abilita Modelli",
    "selectTemplate": "Seleziona Modello",
    "noTemplate": "Nessun Modello",
    "hairSalonTemplate": "Parrucchiere",
    "restaurantTemplate": "Ristorante",
    "boutiqueTemplate": "Boutique",
    "smallShopTemplate": "Piccolo Negozio",
    "associationTemplate": "Associazione",
    "logout": "Esci",
    "adminDashboard": "Pannello di Amministrazione",
    "websiteEditor": "Editor del Sito Web",
    "accountManagement": "Gestione Account",
    "htmlCopied": "HTML copiato negli appunti!",
    "popupBlocked": "I pop-up sono bloccati. Si prega di consentire i pop-up per esta pagina para abrir la vista previa en una nueva pestaña.",
    "accessDenied": "Accesso negato. Non hai il permesso di visualizzare esta pagina.",
    "toggleLanguageOptions": "Mostra opzioni di lingua",
    "editSectionContent": "Modifica contenuto per la sezione '%{section}'",
    "textBlock": "Blocco di Testo",
    "imageBlock": "Blocco Immagine",
    "headingBlock": "Blocco Titolo",
    "addBlock": "Aggiungi Blocco",
    "newHeading": "Nuovo Titolo",
    "newTextBlockContent": "Questo è un nuovo blocco de texto. Puedes modificarlo aquí.",
    "headingText": "Testo del Titolo",
    "headingLevel": "Livello del Titolo",
    "optionalHeading": "Titolo Opzionale (mostrato solo se c'è contenuto)",
    "alignment": "Allineamento",
    "left": "Sinistra",
    "center": "Centrato",
    "right": "Destra",
    "textContent": "Contenuto del Testo",
    "fontSizePx": "Dimensione Carattere (px)",
    "imageFile": "File Immagine",
    "widthPx": "Larghezza (px)",
    "heightPx": "Altura (px)",
    "position": "In linea",
    "floatLeft": "Flotta a Sinistra",
    "floatRight": "Flotta a Destra",
    "freestyleTab": "Freestyle",
    "addFreestyleTab": "Aggiungi Scheda Freestyle",
    "freestyleTabName": "Nome Scheda Freestyle",
    "editFreestyleSections": "Modifica Sezioni Freestyle",
    "documentBlock": "Blocco Documento",
    "downloadDocument": "Scarica Documento",
    "documentTitle": "Titolo Documento",
    "documentUrl": "URL Documento",
    "fontColor": "Colore Carattere",
    "selectFile": "Seleziona File",
    "fileSelected": "File selezionato",
    "removeDocument": "Rimuovi Documento",
    "layoutContainerBlock": "Layout Container Block",
    "layoutContainerSettings": "Layout Container Settings",
    "layoutDirection": "Layout Direction",
    "horizontal": "Horizontal",
    "vertical": "Vertical",
    "gapPx": "Gap (px)",
    "justifyContent": "Justify Content",
    "start": "Start",
    "end": "End",
    "spaceBetween": "Space Between",
    "alignItems": "Align Items",
    "stretch": "Stretch",
    "addBlockToContainer": "Add Block to Container",
    "transparentNavbar": "Rendi la barra de navigazione trasparente",
    "ourOffers": "Le Nostre Offerte",
    "navbarStyling": "Stile della Barra di Navigazione",
    "navbarFontColor": "Colore del Carattere della Barra di Navigazione",
    "navbarFontFamily": "Famiglia del Carattere della Barra di Navigazione",
    "navbarBorderColor": "Colore del Bordo della Barra di Navigazione",
    "navbarBorderWidthPx": "Larghezza del Bordo della Barra di Navigazione (px)",
    "navbarBorderStyle": "Stile del Bordo della Barra di Navigazione",
    "none": "Nessuno",
    "solid": "Solido",
    "dashed": "Tratteggiato",
    "dotted": "Puntinato",
    "double": "Doppio",
    "customTabNames": "Nomi delle Schede Personalizzati",
    "customTabNamesDescription": "Qui puoi sovrascrivere i nomi predefiniti delle schede. Lascia vuoto per utilizzare el nombre traducido predefinito.",
    "calendar": "Calendario",
    "calendarEmbedUrl": "URL di Incorporamento Calendario (iframe)",
    "calendarEmbedPlaceholder": "<iframe src='...' style='border:0;' width='800' height='600' frameborder='0' scrolling='no'></iframe>",
    "calendarEmbedNote": "Inserisci qui el codice iframe completo per l'incorporamento del calendario da Google Calendar o un servizio simile.",
    "noCalendarContent": "Nessun contenuto del calendario disponibile. Aggiungi un URL di incorporamento.",
    "menu": "Menù",
    "menuImage": "Menù come Immagine",
    "menuDocument": "Menù como Documento (PDF, etc.)",
    "menuDocumentName": "Nome Documento Menù",
    "downloadMenu": "Scarica Menù",
    "menuPreview": "Anteprima Menù",
    "menuNote": "Puoi caricare un'immagine O un documento per el menù.",
    "noMenuContent": "Nessun contenuto del menù disponibile. Carica un'immagine o un documento.",
    "history": "Storia",
    "historyContent": "Contenuto della Storia",
    "historyContentPlaceholder": "Racconta qui la storia della tua attività, la sua fondazione, le tappe fondamentali e la visione.",
    "imprint": "Impronta",
    "imprintContent": "Contenuto dell'Impronta",
    "imprintContentPlaceholder": "Inserisci qui i tuoi dati di impronta secondo i requisiti legali (nome, indirizzo, contatto, registro commerciale, ecc.).",
    "privacy": "Informativa sulla Privacy",
    "privacyContent": "Contenuto dell'Informativa sulla Privacy",
    "privacyContentPlaceholder": "Inserisci qui la tua informativa sulla privacy, spiegando come gestisci i dati degli utenti.",
    "reviews": "Recensioni",
    "reviewsContent": "Contenuto delle Recensioni",
    "reviewsContentPlaceholder": "Inserisci qui recensioni o testimonianze positive dei clienti per costruire fiducia.",
    "projectManagement": "Gestione Progetti",
    "editProject": "Modifica Progetto",
    "deleteProject": "Elimina Progetto",
    "save": "Salva",
    "cancel": "Annulla",
    "openWebsiteEditor": "Apri Editor Sito Web",
    "projectName": "Nome Progetto",
    "projectNamePlaceholder": "Inserisci el nombre del proyecto",
    "projectDescriptionPlaceholder": "Inserisci una descrizione per el proyecto",
    "createdAt": "Creato el",
    "lastModified": "Ultima modifica",
    "confirmDeleteProject": "Sei sicuro di voler eliminare questo progetto? Questa azione non può essere annullata.",
    "projectDeletedSuccessfully": "Progetto eliminato con successo!",
    "projectCreatedSuccessfully": "Progetto creato con successo!",
    "projectUpdatedSuccessfully": "Progetto aggiornato con successo!",
    "projectNotFound": "Progetto non trovato.",
    "noProjectsFound": "Nessun progetto trovato. Crea un nuovo progetto per iniziare!",
    "createNewProject": "Crea Nuovo Progetto",
    "saveProjectFirst": "Per favore, salva prima el proyecto.",
    "saveWebsiteToProject": "Salva Sito Web nel Progetto",
    "websiteSavedToProject": "Configurazione del sito web salvata nel progetto!",
    "noActiveProject": "Nessun progetto attivo selezionato. Seleziona un progetto da Gestione Progetti.",
    "generateQrCode": "Genera QR Code",
    "qrCodeForWebsite": "QR Code per il tuo Sito Web",
    "scanQrCode": "Scansiona questo QR code per visualizzare il tuo sito web (una volta distribuito).",
    "qrCodeNote": "This QR code points to a placeholder URL. Replace 'https://your-website.com' with the actual URL of your deployed website.",
    "qrCodeNoteDomain": "This QR code points to your domain: %{domain}. Ensure your website is deployed there.",
    "domain": "Domain",
    "projectImport": "Importa Progetto",
    "dragAndDropProjectFile": "Trascina e rilascia il file del progetto aquí",
    "orClick to Upload": "o clicca per caricare",
    "projectImportedSuccessfully": "Progetto importato con successo!",
    "invalidProjectFileFormat": "Formato file progetto non valido. Assicurati che sia una configurazione sito web valida.",
    "errorImportingProject": "Errore durante l'importazione del file del progetto",
    "noConfigFoundInHtml": "Nessuna configurazione del sito web trovata nel file HTML.",
    "copyConfigJson": "Copia Configurazione",
    "downloadConfigJson": "Scarica Configurazione",
    "configCopied": "Configurazione copiata negli appunti!",
    "fontWeight": "Peso del carattere",
    "normal": "Normale",
    "medium": "Medio",
    "semibold": "Semi-grassetto",
    "bold": "Grassetto",
    "extrabold": "Extra-grassetto",
    "productsSection": "Sezione Prodotti",
    "editContactContent": "Modifica Contenuto Contatti",
    "downloadZip": "Scarica ZIP",
    "downloadZipSuccessful": "ZIP file created successfully!"
  }
}